{
    "foreground_intensity_properties_per_channel": {
        "0": {
            "max": 52226.8046875,
            "mean": 1554.2041015625,
            "median": 662.0,
            "min": 0.0,
            "percentile_00_5": 236.0,
            "percentile_99_5": 24277.298828125,
            "std": 2984.055908203125
        },
        "1": {
            "max": 10403.19921875,
            "mean": 1195.7572021484375,
            "median": 507.0,
            "min": 6.0,
            "percentile_00_5": 163.0,
            "percentile_99_5": 5990.15771484375,
            "std": 1441.9915771484375
        },
        "2": {
            "max": 13017.0,
            "mean": 2041.74853515625,
            "median": 662.0,
            "min": 8.0,
            "percentile_00_5": 253.0,
            "percentile_99_5": 10706.0,
            "std": 2929.954345703125
        },
        "3": {
            "max": 15683.0,
            "mean": 1950.5908203125,
            "median": 762.0,
            "min": 17.0,
            "percentile_00_5": 191.0,
            "percentile_99_5": 13544.0,
            "std": 2712.923583984375
        }
    },
    "median_relative_size_after_cropping": 0.3668216845878136,
    "shapes_after_crop": [
        [
            141,
            169,
            132
        ],
        [
            141,
            175,
            147
        ],
        [
            145,
            183,
            141
        ],
        [
            137,
            182,
            135
        ],
        [
            139,
            175,
            131
        ],
        [
            136,
            168,
            132
        ],
        [
            140,
            172,
            143
        ],
        [
            154,
            178,
            150
        ],
        [
            155,
            185,
            146
        ],
        [
            143,
            172,
            134
        ],
        [
            132,
            173,
            142
        ],
        [
            142,
            172,
            134
        ],
        [
            146,
            139,
            122
        ],
        [
            148,
            169,
            126
        ],
        [
            131,
            165,
            129
        ],
        [
            139,
            175,
            135
        ],
        [
            135,
            179,
            141
        ],
        [
            134,
            178,
            144
        ],
        [
            149,
            137,
            126
        ],
        [
            148,
            154,
            143
        ],
        [
            137,
            168,
            137
        ],
        [
            140,
            182,
            135
        ],
        [
            150,
            128,
            133
        ],
        [
            141,
            174,
            142
        ],
        [
            141,
            165,
            139
        ],
        [
            139,
            175,
            139
        ],
        [
            126,
            164,
            133
        ],
        [
            138,
            168,
            141
        ],
        [
            145,
            178,
            139
        ],
        [
            130,
            187,
            138
        ],
        [
            138,
            180,
            143
        ],
        [
            140,
            164,
            140
        ],
        [
            153,
            135,
            128
        ],
        [
            119,
            167,
            138
        ],
        [
            139,
            174,
            132
        ],
        [
            128,
            179,
            143
        ],
        [
            135,
            163,
            141
        ],
        [
            127,
            187,
            153
        ],
        [
            142,
            178,
            148
        ],
        [
            126,
            167,
            134
        ],
        [
            124,
            173,
            139
        ],
        [
            137,
            162,
            141
        ],
        [
            138,
            178,
            135
        ],
        [
            132,
            177,
            127
        ],
        [
            143,
            177,
            136
        ],
        [
            137,
            180,
            130
        ],
        [
            135,
            192,
            131
        ],
        [
            142,
            186,
            133
        ],
        [
            142,
            178,
            138
        ],
        [
            144,
            179,
            127
        ],
        [
            138,
            183,
            139
        ],
        [
            138,
            182,
            141
        ],
        [
            150,
            179,
            131
        ],
        [
            133,
            173,
            132
        ],
        [
            128,
            178,
            138
        ],
        [
            132,
            165,
            126
        ],
        [
            150,
            132,
            124
        ],
        [
            142,
            177,
            134
        ],
        [
            137,
            181,
            141
        ],
        [
            143,
            166,
            139
        ]
    ],